Angle1,Angle2,Equilater_notIsosceles
48.61307130989597,62.96194054592892,1
72.76315731667522,81.25152984302045,0
59.15834642823642,51.430252184102045,1
69.41818907809724,74.60234787382485,0
59.92686501103557,63.557517772920995,1
81.39302032350363,73.50539146195568,0
58.99458815128165,61.68413524105274,1
72.36405185245745,67.34688172772368,0
54.62124226801897,53.869055430844355,1
59.885467433591444,66.22228287629434,0
55.46045942827151,50.416818176348926,1
80.961307963809,81.32355008655024,0
50.84675304346362,64.10288852344765,1
78.76569719471954,79.5022390724125,0
57.24061078369103,64.68072041425145,1
69.40056403483067,75.15594845879635,0
51.63981715614406,63.725360104807955,1
73.37595544639979,82.95973006969608,0
64.59659265095847,60.60548707397017,1
83.52627122245791,73.50146779000731,0
60.42149242412226,64.38646346734069,1
77.92168292314685,85.07970927685673,0
66.21230047122015,53.52391438581365,1
79.38447312528093,77.0849393780143,0
52.1635478983647,56.69072879195878,1
85.0108953784751,75.41025921178803,0
62.92485262756481,65.7107329736092,1
76.50512222508677,69.39644663206005,0
67.86872790335697,56.0376203225872,1
82.16283909003195,80.40803691329447,0
61.85890900667768,58.14507155246174,1
77.12866930606263,78.03917512216084,0
57.15635057458506,59.72931835140888,1
67.95043828635893,75.85224030316435,0
59.762821378442915,54.11306833780394,1
74.61293348148483,72.35744363620226,0
54.94790526725741,65.51361762596001,1
81.9631727145915,69.35043904471566,0
55.54552551132161,61.24885804082661,1
82.29965347644104,74.94725542713732,0
66.26702030780339,62.37207206777522,1
81.49399338769098,80.26665523030367,0
60.11902804262241,62.27797031031468,1
68.36661696996026,76.5073080857342,0
59.78195412935351,63.3040562442592,1
68.99973915967313,72.5479516468971,0
60.286250495936535,62.4517727060001,1
74.62598705173292,76.38596287061554,0
63.019780838177475,61.79429395386854,1
80.18457792367295,71.08601993702179,0
57.70722370564509,67.32946642968322,1
71.26651227917235,85.70698995153171,0
66.22236308586024,56.17033132907714,1
84.83084875928493,76.78095989266646,0
66.75875635252227,70.04718203817681,1
73.56509582181069,77.89729422130546,0
58.393628499876115,58.651614567732274,1
60.189061945460566,75.25954924659129,0
60.527165577519156,60.84266576855677,1
72.70226210443913,70.96421176751798,0
60.58175613053489,57.05931881880518,1
75.44092800973941,73.18322060475424,0
61.268577228847654,66.04135094482366,1
74.14501971835456,81.62206444304377,0
50.88233673758813,59.97720240074556,1
82.05541333431225,83.78251071262281,0
55.64172054361779,65.7731912936541,1
73.00022318943296,71.80900549493165,0
58.155130243894256,61.03312192239422,1
74.80487122218278,68.24138512889792,0
66.90861596788017,60.25958396533093,1
79.2942891297494,67.61018197459747,0
59.43537721377286,58.98630264458812,1
77.12125331243345,79.41017840847672,0
51.52137545339641,55.94155275811789,1
76.67658297029521,73.49636083779448,0
57.390498663182576,60.79610188134624,1
75.26277263766926,73.96634848804455,0
55.19785660218139,60.548012619352626,1
79.80371151475057,81.45140787524763,0
65.05986401918022,61.05185018571553,1
72.60042217883729,80.8160795273161,0
67.73690690766857,61.18257949567991,1
86.03175024629498,75.3967849410165,0
60.749142713364165,59.83458242761106,1
80.66641002471181,81.76865916595594,0
56.86392449203106,51.05681602341714,1
81.42997796581245,80.23927175515198,0
56.477369403878726,56.85926497520824,1
74.34703675726914,74.04765963096726,0
56.7566432736623,65.4496366811817,1
71.0469793746513,77.55535898031998,0
64.23799662826427,45.15947058240083,1
78.4725063619659,79.43697175560473,0
66.90059953621892,62.48987384738298,1
79.851480434899,71.64750519050455,0
58.870224243580736,57.789056711775686,1
75.61509527945041,77.49862304213349,0
65.57632434041645,64.69488066500375,1
84.84526055618625,76.0156631356878,0
59.40700434368296,61.85743220794172,1
77.9191222467782,70.02833169101065,0
53.15721768910653,67.03922226125957,1
80.91077172585656,70.53742935659608,0
55.058062728936605,65.1335697496284,1
81.0876693107904,70.48907337971812,0
58.02971823973553,60.76364523195801,1
70.09183852887784,66.64183235617635,0
56.369767127637054,61.36931645247817,1
82.65771142556078,82.20361906442412,0
60.62132315707092,52.11590904590115,1
82.25225611538517,77.42950885344261,0
58.82654614004853,73.6334761143197,1
82.84770795721705,75.77931135299403,0
55.617624425073416,62.05957568709858,1
83.36804008999033,70.6087202707956,0
62.77885195828046,67.80304442351404,1
84.06107389779947,73.52007652014717,0
55.64659439712317,52.97515468945368,1
75.06828297951306,71.78050024849806,0
58.04053729861657,59.499733654534076,1
75.99873298953278,81.73220244569298,0
59.39362542926753,73.87264149826291,1
74.68310769721856,73.62671537704428,0
65.98840721223819,61.88016429718921,1
72.63333193114114,78.23536975252065,0
64.66342320588483,65.69296089354421,1
70.0226370768655,80.71283048349719,0
61.64361330517341,68.39456251371891,1
75.24641323843392,75.75510742737798,0
58.91851477330776,56.95123740383751,1
78.22067210829488,77.47625175387063,0
57.81345174378792,55.612929664128295,1
85.29450098090119,80.15323028402865,0
51.480181720986934,55.107520701490266,1
74.27066653778942,78.44877765390994,0
49.070752031322485,58.8275843192911,1
75.62373191697506,75.73565146631424,0
58.53143008620118,60.54964937547969,1
86.555997790998,66.55873068135669,0
60.01427898481741,60.03465392672305,1
79.00619700498174,78.66168643848413,0
61.70737717120713,64.23764548139954,1
80.88301445167333,70.28201709554337,0
59.48969357575573,54.168024836081784,1
79.52556724045645,83.25599863763959,0
52.97216046854124,55.57228809197919,1
67.40785425397085,82.07748893558373,0
61.62013898427566,65.09378562759734,1
64.95478536928545,69.17346262409093,0
55.51563690508307,55.7312009615647,1
75.49972764663352,71.51976010375051,0
57.334713458188084,64.28780263471002,1
74.80131764578776,82.14838261280049,0
64.2624172485497,52.46687920289334,1
72.23920951480709,79.56791915955552,0
66.8913052286616,65.71996917842156,1
71.159408034412,67.6465333272575,0
59.06142276315363,59.97096575149355,1
79.08837451708672,74.79942441392517,0
58.487257441366765,59.77659291414247,1
78.04769628701722,68.21181545172438,0
59.59841375954431,63.505588632032975,1
73.1024839452364,71.29837874393696,0
63.868785117465144,62.86253549561817,1
71.55245325510452,77.2993877204801,0
66.65347804824886,65.07283702975363,1
67.97688975304186,78.74953739459306,0
55.61955435207807,56.64181095451741,1
63.687608832429596,78.32687653868103,0
53.40618407050716,56.45413822901566,1
71.35893862784721,76.42448739087936,0
59.725842777952046,57.142802277027386,1
71.93945980848106,75.09124781910128,0
62.82225988602167,58.14407279365915,1
75.13141622212463,73.34845014197224,0
59.734402623995265,58.95730725841888,1
68.71263603808538,75.3577758379532,0
62.84183072358258,61.31776839389714,1
68.77434993884975,77.59228513891173,0
59.9485808286463,66.32708558332592,1
69.28615689951744,77.13729399221496,0
59.48917148975529,66.11315269740933,1
66.91490002162092,74.30382304190519,0
52.5535575503172,56.258625822665486,1
71.113289528767,72.0486702063577,0
59.84779071914913,62.49763144151614,1
72.32773284847595,72.86551367941048,0
56.25307069850687,57.87541822783586,1
84.58489114545034,72.48985188614864,0
58.93987725675264,69.73248663135456,1
71.84227141273253,76.38736058102785,0
62.666369660934336,68.66034511042326,1
74.75701752154929,79.6384171076556,0
64.6943951842776,59.948593890623265,1
78.18070079078817,78.30317462524987,0
48.42903960010881,48.661978916452796,1
77.12851305601498,78.28398408396967,0
58.67465641394605,62.214830876128055,1
81.54642491067771,72.50012674617881,0
57.22995908825909,62.34390645534496,1
79.74168194928137,81.7621225141923,0
61.61629683617012,62.052506831173815,1
82.63591192564567,72.52489151974272,0
54.904183713003114,56.932511055404504,1
74.31275445594905,74.34006597867237,0
62.12991133584504,65.9075129980719,1
81.35776296963986,73.12040225851155,0
57.23559762335612,64.55354003778422,1
81.05408927642553,77.00926025201848,0
58.51309081469131,60.735532780731596,1
68.91456891299394,72.84436663664977,0
57.56255408960305,62.179744457110154,1
76.13505795694307,79.72404407953246,0
61.3302336332425,69.28792432453102,1
70.27623811496439,68.10417496949987,0
51.64450269930189,62.138026609357155,1
77.94356467370937,81.59063885874365,0
69.12984539519263,51.22580166399914,1
77.93331045763482,74.66984441024995,0
54.9957683091112,62.968769381004975,1
70.41780250393518,69.05804426577937,0
62.57798678355031,51.08885514395076,1
81.23331880028637,72.24437272444992,0
71.07797796403396,68.20740876212459,1
79.86194101890335,76.20216271763225,0
52.72428490981799,59.049995236874125,1
67.7709056249475,75.40414799726898,0
58.28541483944118,61.90863381879667,1
76.86462290432502,78.8948464879708,0
55.61987428085154,72.68199441480321,1
85.21338390248067,79.01046258545179,0
66.40144929099483,55.91194884623705,1
69.81751227532038,80.53157488227146,0
59.51961400945623,59.34573635322949,1
79.37944165264096,79.08474864269712,0
65.46664139648404,53.30787013126545,1
73.05390059759436,74.95938887983945,0
58.559061826250954,62.62728048001235,1
76.36427680434521,74.53910765829048,0
62.74756976127016,69.18006101377763,1
81.54703408707341,79.10453806752885,0
59.519673276023454,59.033588994979816,1
73.92843105262159,70.83220850838933,0
56.45388888992801,52.6785684659014,1
76.6836698278138,71.64885003105701,0
64.44818114005236,70.05568137614425,1
78.42153455783497,77.11649212876283,0
64.7008546337657,56.6986338034357,1
83.19157481168982,74.70973391819524,0
60.771089747365934,64.28084819566087,1
80.66532838778643,64.41269749530645,0
63.0106120688654,66.84766456424826,1
69.66976144180856,72.5357446409851,0
66.45159215339896,57.29677140096691,1
70.24834551811104,67.89681577299477,0
61.71401953725401,58.03203200707861,1
75.2666764973959,75.37716677337777,0
56.194479336455416,57.62932017771028,1
66.2304605056427,79.90460368155652,0
56.91494748153809,67.87053005057892,1
80.26116710305892,70.56274818703965,0
57.579688359982995,60.24611244962409,1
70.76476093698801,77.7277539051408,0
57.233100637784986,45.57084662055051,1
69.7239423983947,71.43091023914545,0
58.56676714075068,65.48574669404734,1
79.91706013669116,78.80718585581567,0
64.36509882687722,59.46245259085059,1
76.25184671395279,77.0258184757559,0
61.08730677193038,62.02001650999088,1
69.449944547023,75.7428296596344,0
59.79193653553706,56.85043320689189,1
80.18556490804589,75.838279026638,0
67.59065907273282,58.12417002034561,1
77.69167526173364,82.53373244874155,0
60.28726313744372,58.1235871576709,1
69.39968680938046,77.83045791189102,0
61.765867412447164,58.706992787184035,1
79.5758616719945,70.60758216646637,0
58.745016941589824,55.651357321906744,1
73.83080068667378,70.42879361155619,0
66.64718204729611,62.27197585269148,1
79.02248726092371,84.73846640387896,0
62.29084852685456,60.87336818047904,1
70.31699495380397,75.52989792378798,0
58.74441206212744,54.8795754574129,1
72.8472415449627,76.40995118940573,0
56.935580964093546,55.34870785674132,1
86.68903236652254,79.38599006960631,0
58.82013949557508,68.92801183202573,1
63.46177374731086,66.68370585571117,0
60.46984795590236,55.732627376429946,1
77.05152988472267,65.68845449462951,0
57.822977635583875,53.774256453583,1
74.85735709903102,69.06172780898315,0
58.133910800686515,62.10282771366619,1
64.94792342461638,81.93242747509078,0
55.957621448485334,60.34590891027307,1
69.81541161051123,76.23143550390706,0
63.4047313937873,63.24272389676027,1
75.64033458537706,75.49733760553401,0
58.692857555393005,72.52553186324127,1
66.22398708973074,83.35345251922176,0
68.16481980173484,63.62912291045847,1
67.73725766841206,63.00111354636888,0
49.302114509556674,69.46717589977817,1
73.159430731811,73.51563532041122,0
52.91722658836848,58.39359832785355,1
82.6649857435183,70.5870432184638,0
59.11674351337507,51.76803629318385,1
67.23062634088028,78.90275569342955,0
61.14090854324082,56.841604241665706,1
65.08988181180065,79.41697118517634,0
62.047769265295685,53.013737730935176,1
79.58572564993543,72.38075027899274,0
56.452439141965975,54.711872365244574,1
70.01549966956286,68.4667024155541,0
60.96853994387654,55.9671407983099,1
78.28626540217545,71.65347851357625,0
54.46861684970878,69.35667847490399,1
75.03180868695146,66.88323733723732,0
56.990442836583895,57.631316873374146,1
77.11957930578673,75.45671429408327,0
60.80768272608249,49.93552658019635,1
76.22476113176381,74.01262517665704,0
60.54757240992301,57.110498055214514,1
80.58036267443508,80.1470378088423,0
60.08487526386527,61.36205103810767,1
80.45403710199244,70.18324100720508,0
64.48993165111753,61.250355014405564,1
86.89467835773439,68.94893078702532,0
56.260524523606314,59.058101275608344,1
71.91426354875962,76.57313452256504,0
62.40165597242237,58.04117219677195,1
71.51845153558455,85.78888453758466,0
67.64298876310157,62.35165070443919,1
75.342892374133,79.11770825702804,0
62.968137491730396,59.637445082957605,1
73.93554409252248,71.77280666290068,0
52.227112702141156,59.546487164452664,1
80.76270558490667,75.30731582270192,0
58.15701594208094,52.97410758918939,1
68.81227013670092,69.49177054874937,0
67.7324490715066,59.35395871216666,1
78.85234937103566,66.58620628788782,0
59.60933908151965,69.77085159073016,1
80.51792036881564,74.51447500304023,0
55.38127524404838,63.81488132635639,1
76.09056355053981,66.47168558186578,0
46.35363369518808,63.2316530835386,1
79.53206958731052,70.49129403395716,0
71.19211380443843,55.89143604314975,1
76.10085977566291,61.82114781999611,0
64.10070881603481,51.95414290038925,1
67.01490115331632,74.5210478709965,0
62.932264014147826,57.131831822033476,1
78.94946387463351,77.7218972133773,0
55.94558151051778,59.19979581299231,1
83.78262672941077,76.75717186552586,0
59.35020600531424,55.00591206335612,1
67.63775195725404,81.88864044937537,0
61.251166247913446,51.898320414243074,1
76.27394045460117,74.38182820862204,0
51.23995388409042,64.47245238114384,1
74.13642659427265,79.74924759219984,0
57.67670662524627,60.406511639385755,1
68.88429784184659,80.16120910722175,0
56.6775783613283,66.27389622178373,1
68.23564812381365,73.66946992266564,0
61.216173748896786,58.04278557121851,1
80.0471134838942,68.63739413538286,0
53.61838013640438,51.62979799920542,1
78.79358179938386,79.56206900325647,0
51.01634930130538,55.84126729290151,1
70.19392351910764,66.05445095710232,0
59.34237618013844,64.21011780863527,1
70.07957663962965,80.72429838781757,0
55.34477448442036,65.76861534240614,1
73.34738278309149,69.64206399212941,0
62.90191300318348,64.49991837814727,1
69.62874939211488,67.17728336418519,0
53.492152151280976,59.65669197127244,1
74.104711757266,80.39761698280121,0
70.71052141955002,70.51151931431816,1
76.1496640403084,76.86690139079667,0
56.85992527698267,52.795263030683735,1
59.74853033648705,65.96142635892596,0
60.82711277609771,63.28765144386763,1
71.09773667296237,73.01090488323302,0
56.96479323426098,55.45947143195829,1
78.97004539501468,72.9192307913891,0
59.29805421356035,51.12549110956692,1
77.25907316395562,77.39163229312348,0
67.2902457692684,64.83573825443037,1
86.20210788338207,64.41577326835431,0
59.76893416075897,63.54206819781887,1
74.80895853510022,84.73027236566321,0
60.30116214057086,61.88097265970111,1
77.793493612358,68.17230050938119,0
64.92279333400666,52.733773275510856,1
68.19347311585,80.44727891305197,0
57.86254802711492,61.80787194503523,1
72.7274464631547,71.75813312994927,0
60.541918928663826,50.708399995458215,1
73.89560734785171,80.31279172668815,0
54.95257848840766,51.384285515730056,1
70.84193494685758,74.81841037944245,0
63.218287384503626,58.317504253447254,1
75.83405332879344,80.4534478289956,0
66.33141498423868,50.3210495031614,1
81.48950950453603,67.16646421877545,0
57.68974387516777,63.406079273855035,1
72.26466523800143,72.76840443036713,0
56.77654509890088,58.378777407403426,1
77.58225252418619,70.08419349063301,0
60.036280716628276,65.018220323243,1
71.23822908834741,74.22847551602099,0
61.38616262969693,62.938255158536506,1
75.13078544326106,70.9296233143495,0
60.8018590197168,60.94947783029961,1
73.30910882090537,65.09072038488507,0
58.82504060204407,58.305095574695855,1
81.01915008362475,76.70891563888493,0
62.851670869386695,59.13358619888569,1
76.87690916061517,69.40992426491069,0
62.49422404810061,66.86576167809133,1
72.33085830562439,78.7533725742584,0
62.90039576590948,63.793299220672345,1
70.83168352138817,65.91284365863478,0
55.093587215058015,50.33004798602229,1
64.3645740060225,80.63532047331051,0
70.69798762865446,61.14545086380829,1
78.02516021200027,77.39043165673012,0
68.16281029297072,54.89007455132435,1
75.39837113682157,78.31606569177544,0
60.92373983301701,66.40459935077331,1
77.55380379841652,75.29121693137131,0
62.38626951164993,65.28349043636078,1
68.09545755896463,87.66333001902956,0
55.583653467795116,67.53985265719422,1
81.51036639477451,74.24941957506329,0
62.519364615767905,52.63706560024749,1
82.69588067847172,71.93304573660843,0
60.1343496992801,59.85165181185249,1
67.48131375881097,78.14374861281554,0
66.23657854354123,59.517880577625746,1
70.85077008244014,73.50601817506156,0
63.81619187029747,61.49098684661884,1
75.1792474418824,78.59547105481046,0
63.97205432675831,50.684971900498724,1
69.69983295913133,77.92229793367369,0
56.044513530389246,57.98121369258276,1
83.40403852358344,62.62860181605831,0
65.4540426628659,61.2194421778133,1
75.10930557945682,69.81188153319322,0
59.439081205799795,60.63739839798331,1
73.91697928537619,71.41890002244989,0
67.60777108751451,51.83858081124458,1
67.5216903102917,69.7444124851375,0
66.65304262750236,55.67119431032512,1
81.90547991272474,75.38235684390298,0
64.56418209148983,50.094006748069695,1
70.19609014158164,75.63947002322145,0
60.317971760023354,64.66753015681275,1
74.11519468877488,72.54153452187825,0
63.987583123582716,55.76401105415146,1
72.5929566368302,69.5175531738902,0
60.020826587314325,61.648908099199765,1
73.59745546792162,77.0679349857896,0
57.51818088870955,60.357876420207106,1
74.41361134873783,81.77577236638595,0
45.18822144445004,56.90085136896112,1
62.942825177569624,75.07851375377057,0
69.96432380126919,58.65446173788066,1
67.6391800962605,67.6825372942427,0
62.475099370477686,69.58798680013888,1
78.80907116254609,70.85824337746884,0
64.91830982912958,65.07383993259597,1
74.03221385653542,70.17162581480862,0
56.388826355601374,53.09141804169339,1
77.04702632988557,73.3415908990512,0
61.50295946800545,52.20291845844582,1
67.61478343800931,73.48496117097311,0
60.42100410492078,58.075185782490294,1
82.06720466927916,67.11114525128231,0
65.41171812241157,63.026898570462734,1
79.17712356381988,78.58566783591506,0
50.74655609180894,57.06686555173015,1
72.157450674219,75.03132846496622,0
70.19506233864652,56.575524880834614,1
71.00949270364102,86.70037099478765,0
52.79941801568833,58.615077351952834,1
69.5326340855178,73.30400287521041,0
54.607546974025404,58.682914310132176,1
68.61386112219853,75.05985660988175,0
56.871986926556396,58.27787034006259,1
76.34932742388399,67.15487302373678,0
61.87964153954622,60.08896711292865,1
79.44739520984169,68.71247820800512,0
67.38858249215221,62.26031846187857,1
79.05301004834205,76.76492831872588,0
52.53626496096874,51.04159235585557,1
80.47916407386691,82.4839129526384,0
64.15019748085471,65.49740813013285,1
77.74510956100002,82.74155054191071,0
64.0113362066589,63.15614556868116,1
77.92684691865016,87.3130341888988,0
58.92945560979398,54.49269805026917,1
74.982189095364,70.18852055482728,0
63.899281476902274,56.14109537702847,1
74.43627617338365,67.08108653585808,0
66.13317059950533,56.8072981425851,1
71.75938028490268,72.27422595336195,0
59.577418915044014,60.78851643477529,1
68.35075348083146,80.63950662282235,0
58.65594561358163,60.267863859830044,1
66.61429374896399,77.22300828514909,0
54.31835739655247,65.13012531188554,1
82.02828975441194,76.02428289248832,0
52.06058083915917,64.29166974313941,1
78.22134070522822,74.46326453298713,0
51.151398784556335,67.75109519305536,1
76.71418742050108,77.3305293938452,0
59.82996181354063,63.1500060547185,1
75.20009461260135,78.86918803154315,0
58.07025997455486,58.50710725056744,1
73.32201673070708,80.14450197236879,0
65.30766039879332,59.11480789838116,1
77.34447460974371,65.43683411684324,0
59.78266932252981,69.10060189037237,1
74.44415922791786,76.79158686631284,0
58.63437786432236,57.72744414796441,1
68.04408277542272,79.578607700218,0
61.946030337031424,57.975805590635446,1
84.34304497909316,80.59628412539719,0
55.41845805046946,56.7845397470237,1
79.49648779969075,77.84831910687329,0
57.3064533028899,63.90662597347618,1
78.46789918817245,75.25790876149449,0
64.6965072935336,63.85605811513631,1
74.61196893892874,76.39554694290524,0
67.18995626089865,59.74369282931113,1
63.97303395251106,82.27284835105537,0
62.38734224252148,61.592993307859786,1
69.41201902130885,73.0020120819244,0
65.90622545097388,59.481903694069324,1
71.38381312742797,73.2936674760189,0
55.10578359196067,47.26780584112019,1
75.45907529434415,66.06835970765522,0
65.48875698993264,55.847294246552295,1
73.31500915222834,74.79663392190935,0
59.26879220896347,62.75955436776722,1
74.33473650945399,75.40305404538404,0
52.67455840843299,56.978327161416935,1
71.75922337259217,74.58352339875513,0
55.38780870826106,65.83400157015042,1
74.51425551725109,75.31464964259379,0
68.20436275661478,56.749974755880416,1
67.88498357211952,79.31229152503342,0
66.40685559737321,59.71479402800743,1
66.49956666018423,71.85502441270489,0
59.82047558874972,63.675160568500495,1
74.84713112251796,79.74717724930952,0
60.82439503723843,58.35656825971049,1
70.43838804826801,75.65582053346256,0
63.40291838099209,55.606887688209596,1
69.49608248249524,70.20081916709181,0
61.625749463207,60.31185854323297,1
68.81668666285954,81.5780366579646,0
57.4528400097321,61.361754510190956,1
76.51612779199267,64.5387054123606,0
62.11165178932897,60.02503699844853,1
77.6203075068868,70.4470084280379,0
57.04626018833524,66.9261970942145,1
75.54267635738253,74.47823256609973,0
56.43530797726431,58.71663390164691,1
76.81136500660462,75.91131520622768,0
62.62853092396287,63.957418525404975,1
72.38978188196756,77.95083899413947,0
55.94314374226671,64.89631041944631,1
76.8296690716136,70.3419037193794,0
64.19838106695478,49.64063338227729,1
70.71120509176836,78.86114471729712,0
59.01151774340165,68.3120464295923,1
75.2199467171035,62.73613868905733,0
58.36233883495398,58.903346923459466,1
77.61252405831883,77.80384666642091,0
58.98391110209355,58.15582864525775,1
75.66039935853425,68.72985767152515,0
58.3471179817882,61.4413918318863,1
80.92750050532493,79.13664038861849,0
58.79932732621555,64.1411777953017,1
75.12443591048527,76.15276410032752,0
52.868021621828795,60.015567255732,1
72.8030581262148,81.06745483196215,0
55.179483218443664,66.09197386347971,1
67.3758438194913,69.44235960950591,0
56.27430897019092,60.46144853420914,1
70.33892636224184,72.83555518376383,0
64.40172568112008,63.437033887663965,1
68.60120397195551,81.37836335188194,0
54.02863660800854,54.73881033433874,1
79.50570596637387,75.98277447631811,0
51.77074218446981,58.04357830999581,1
78.36308314900921,76.89346251361117,0
65.91484494008361,63.99831615883548,1
68.3016469134043,74.8492104151886,0
64.26433946852949,61.84180156504678,1
78.91539791172474,75.78681157785566,0
55.13546079811624,55.57611244680563,1
79.46311596431245,79.50025423169654,0
45.236919771548365,55.667723674778514,1
71.4645266731121,76.56523096782061,0
58.73638288689919,64.25956026994112,1
78.34225764375441,69.50195462704856,0
77.22195879790586,64.1215427724997,1
67.90789405781322,81.57157322007964,0
69.91143630598049,62.4429293748084,1
80.90314445952652,74.25309778968021,0
57.94304180657285,64.53801005638594,1
75.12628717586301,71.28618375491301,0
67.5879831536182,61.6769686913814,1
67.33202098533334,71.33398630801221,0
64.52678491352282,58.24202045435778,1
80.01146795965239,77.78811161943818,0
58.67832155458693,59.48748332865307,1
74.3182778741788,73.88608474444744,0
66.90500591346239,53.11301656291586,1
75.88252694939351,68.9100171429441,0
64.79888922564382,60.966623411732485,1
79.7725426415963,76.29435572587018,0
60.286182560479276,66.68435075717674,1
80.18695725577453,75.74666604838679,0
50.385118194116416,62.27296923210215,1
74.12943641983476,76.8924708899154,0
61.51050362533699,64.68244315094769,1
71.27744566373015,85.4525277143086,0
64.48521251789722,62.5684827328907,1
78.53840668645987,69.89205131910212,0
58.99910866095044,53.071259193825675,1
70.83223096413946,63.57596528304931,0
57.66917313626243,56.16576363223616,1
76.54227912308183,77.58135812318729,0
59.730684194622405,55.82521485165953,1
72.92001564073465,80.49033051474417,0
47.94429035408855,56.85018245168761,1
69.96357277031679,73.44825328612315,0
58.95520398764274,63.71258182574794,1
78.24267275553211,65.84490885915449,0
61.948070423708835,59.978578706436394,1
76.49148500248035,70.57073166331573,0
61.60816271913995,66.20747610904324,1
74.07830938083293,76.6797873586861,0
63.843159421804096,54.02991798176775,1
72.22437840717598,71.9598489281623,0
61.1307150470246,58.971215543521325,1
72.53826650419919,75.78243777676879,0
59.7204692459474,64.53421868704,1
77.68721331607472,60.45208272928005,0
58.4572957652405,65.092336989329,1
69.36741090834799,68.20296452269228,0
59.153059522590794,60.083739639699424,1
86.37147559918117,64.27123163427356,0
62.54626872567944,62.512220948877825,1
71.13187347290877,67.03233479930473,0
57.6816856250118,55.34672734697174,1
72.92412958283273,77.9532502129721,0
62.881003848048515,63.33748199214898,1
77.28318312261075,79.77357438899676,0
55.858412898072594,58.4948276495043,1
70.18825251955141,70.48663089214466,0
64.10965091708411,62.58448971604271,1
75.68485517367867,73.17320888389766,0
58.130510986183026,63.02946020599943,1
77.09496029183988,75.11793470284358,0
62.683386605756795,61.40717375882279,1
74.0895015643588,79.13229504820617,0
58.36449994393081,58.169552036368565,1
73.6410941190126,78.11373848247487,0
63.28446718364308,59.64040946234514,1
77.39285934127199,74.08690213193492,0
52.19890085700161,59.327603136647156,1
82.18237794109695,66.59653094829083,0
61.69958468908776,63.41148151790948,1
67.99839822369418,80.8895615204668,0
58.39156889623189,68.62042516794102,1
75.46386767575157,75.7675000737183,0
63.568005072872225,55.86786711562979,1
77.43081303962411,79.85750397194597,0
63.23787071253107,55.71435357865314,1
77.49339451833315,74.33990696375818,0
63.25397992317059,60.326304026008756,1
81.92513818532845,71.74849092997874,0
62.07588099995637,53.74653226928737,1
74.86705361006825,76.0519134536406,0
67.20993604985462,61.55824202476718,1
71.98089821201425,80.8652459310362,0
55.4659547106546,69.8633036157539,1
80.6154921337694,81.14344505211436,0
57.680216037244335,50.87822120520349,1
75.34132439992709,74.4724223079808,0
61.59695390752949,59.459828460889625,1
69.74558228807398,69.56932346924282,0
57.136808957132395,60.31029949503577,1
73.78134892377899,76.98633734548359,0
53.99476825663263,56.571709782249904,1
81.40428717594577,67.30007562998816,0
54.37352039401324,59.30944679765962,1
69.5610002588692,90.1314242787401,0
67.18729659220656,64.35849841638222,1
76.45611944406272,73.70713790035539,0
58.459851455955494,53.973514506311055,1
76.4078075960888,71.1957747048573,0
61.83127491283545,62.32632548946058,1
75.16390599010235,83.13185189834608,0
59.90580417302164,57.711350798895396,1
72.83824429104203,74.62278364727733,0
55.16972534347332,68.16747190385617,1
77.78976946311522,72.54463534631046,0
68.22902144607349,61.381386686878706,1
79.53905663073027,76.05774710155913,0
68.36251378137761,54.45052543014456,1
75.5215327590727,70.0603299223344,0
65.40401080410871,58.513904206054065,1
80.56493597389074,80.16277397851614,0
57.67394439090915,60.08120076964614,1
71.8790810746758,73.48310260284981,0
59.186655335414386,61.40072275242832,1
74.26033159800632,71.90181556237279,0
56.72569250715623,59.94979637963568,1
79.59601284827475,73.22299328719288,0
65.4683783094559,60.89187676845909,1
70.0667975388788,79.70767417692625,0
69.9136885599742,61.25676056497709,1
69.15113562743026,78.54712342164808,0
71.38582513347608,62.07467311765298,1
70.47448716285037,86.54273746301723,0
60.88213899091545,60.10740328479004,1
76.19516949748136,75.32815865632787,0
58.36539030598684,67.40953025174215,1
71.63722524710111,72.79299237248156,0
52.20832005983027,55.778933339463045,1
72.23900160847836,69.52771818719411,0
62.878578210962615,63.09233061634804,1
79.01733674434794,78.72301472837287,0
60.22740869099284,64.51051896362596,1
68.81768647482563,74.95878304950269,0
63.307903673015545,73.26977301388914,1
75.35672049971373,78.783399260944,0
57.244803111038735,59.46565838846142,1
75.6426332262796,82.3808891501063,0
64.22016857731575,68.43019149474303,1
67.88101369639868,58.933423856307684,0
61.510542095793845,57.008986217706855,1
77.44029092382854,81.84890784204336,0
48.79783851211338,60.157319794301955,1
71.99923696943333,76.15465076592918,0
59.650801705306314,49.34794423648204,1
74.88291904926577,78.47135982984726,0
57.17716555693137,62.44421357648504,1
74.1747889469331,72.31611847912266,0
64.84286150897829,58.69485445965987,1
71.09474650817515,76.29548587483436,0
53.29210859057258,56.186820054464484,1
79.58682617838417,80.8866359370314,0
64.60399285594163,65.99119445411407,1
70.0027113191459,79.94254570428808,0
59.6984888767985,61.683878969864274,1
68.56913699627188,81.50745070451285,0
61.359655616792416,61.7847323549621,1
74.11873475905251,75.70953379748308,0
55.172117248783174,63.3522693074334,1
74.11385890121034,77.34742467927387,0
49.888554673293946,55.51079354712793,1
77.33772503696899,66.35175577179146,0
67.65970278159796,58.420169016605406,1
70.30111566333962,72.95063385408741,0
57.248523683972934,60.310288762875835,1
77.06411738790838,68.37888305232629,0
54.855769100733994,63.74020771282195,1
64.91276958121068,76.93031813792135,0
64.155627676641,66.87538058670373,1
70.75012909325667,65.69287779026584,0
58.88495587387144,60.460558221004234,1
71.4656646784026,71.33383496708059,0
59.80733599669976,67.01161864559928,1
76.90920443912914,85.11161300612062,0
55.24615903804112,65.36294595382115,1
71.0286080462807,81.07469981593849,0
57.799978841548146,59.12823801874805,1
77.84692519356655,71.78954495014133,0
61.73658162069893,48.828102081383456,1
74.43087671678903,69.09719529174562,0
60.867425752841655,64.49360557607204,1
70.29099512453459,70.62725344812779,0
61.550284361024225,63.34655979711296,1
67.92439072286338,75.15445320912156,0
59.75623860237359,58.79350899065941,1
69.29015162846449,67.64798794136357,0
67.61028231125378,60.556129224404266,1
80.14486515195016,76.98421552975317,0
61.62096881062129,64.56308176361023,1
78.1200410555449,74.13793694124008,0
60.38653708684741,62.04085281543979,1
74.09313249494143,83.43417419785926,0
67.18933188732773,71.72120089520163,1
67.5822758214767,73.05612749135533,0
63.69457053250239,67.63489490422154,1
84.40017693058205,76.52336141761239,0
60.090052397917354,58.75356332008006,1
74.34068963564174,68.23205503612239,0
55.484846976113374,59.35921023054228,1
83.29135024138587,80.36139134284066,0
65.54794273455371,66.75496426540505,1
73.46105297313157,75.22106272479256,0
55.77881034172857,61.36667489456494,1
79.77163653110435,73.62218594244347,0
66.5973184388538,70.55039885250123,1
87.37365629261815,77.35008914331492,0
61.79784840877769,64.04498566343858,1
77.97366253189286,72.66093869855378,0
63.63790688843637,65.94799374215822,1
78.70516687416219,74.59440831234167,0
50.47707423642004,66.42208796779354,1
77.45882923316972,76.66714912943742,0
53.68425494199384,64.45938052552161,1
74.62039248071929,76.06082348954862,0
58.38990355541812,63.8076581860052,1
77.03622996561913,78.04834403828666,0
61.26492939785955,53.7379490331304,1
70.4911586560935,71.19718764496179,0
56.556964652608556,55.957620704277744,1
79.2287155329787,71.89364811084334,0
59.60180332185289,54.6497645275954,1
68.22741934868178,74.85217176344442,0
62.45977154125075,51.329135675395264,1
81.671344828411,77.22309525038655,0
61.73211270262802,60.10017853848414,1
69.55100930389284,71.45819843934454,0
48.83333162894287,64.04206566386739,1
72.6314750007326,75.07014651195234,0
61.37828691020222,63.27043560927951,1
67.52747477810799,70.97974508105533,0
62.7856355217031,71.88614512053084,1
67.5495346318596,70.03380258274329,0
53.97943214249034,63.58327281410561,1
71.48927921524772,72.32058661207924,0
56.68190231382588,55.467127430917394,1
77.39523538381128,68.99889084419254,0
61.210955074640125,48.608713202201415,1
84.18717375899475,76.71012380749072,0
51.45533725465395,50.604483344548505,1
68.34549843743169,68.36245683541449,0
53.398132477801596,71.86072276160763,1
79.6383337521271,72.5093857004593,0
52.75547171843962,62.57303454571909,1
75.96759884477692,84.7326178694524,0
50.65035315781537,50.61841195193581,1
76.25327872447949,80.86054442242154,0
62.137650683902635,49.65434312379981,1
74.60078129387206,83.20231025615891,0
54.70080562881654,59.858004570904185,1
75.88773883891386,69.18674856684315,0
58.67788492036061,70.82939150717164,1
75.31166926046944,73.89095930467536,0
57.48232164430105,65.4269176196755,1
79.46252349464166,75.82867399309526,0
53.450002664894406,65.84090482859003,1
73.32850654760828,68.4237450921841,0
66.02661232980219,55.68124757427039,1
74.69892524381953,73.96716538627966,0
63.02293855354857,70.42345318436062,1
82.32001784058161,75.83866465640348,0
71.92238596185086,54.86186629901056,1
74.92533954000122,61.18366233067736,0
53.73536317593618,63.51762361810518,1
81.77130878761913,67.78080929786509,0
53.77270071149643,60.99913413265022,1
83.61330135333034,80.65652475435547,0
56.5794383821375,54.371632043556936,1
81.85547100825067,78.05760200339851,0
52.20112361951476,56.58572800419949,1
76.28338899861707,76.82702384417547,0
53.367848909334185,58.943910182253475,1
79.60617319200178,78.43394961464134,0
70.10698008316527,61.67471636106886,1
76.74643557249125,75.12319661416991,0
62.804437546378715,56.20083123506602,1
84.18275837495634,90.9831867612882,0
68.87257435814324,62.99264034571555,1
80.73592208957427,76.86205872048136,0
57.89888468459373,62.21607340304505,1
80.75323863412102,74.80473813013712,0
62.02205429837321,63.16514318744393,1
78.1524488372684,63.73598661068378,0
59.99023111744384,65.76694652439406,1
69.38273415850779,62.14308810090013,0
71.47888153672763,62.907098235172,1
80.62648211266992,68.0775202590453,0
51.82906008949626,58.05612420443975,1
72.17865226025035,78.43892171838698,0
50.516471950314134,58.8561793559148,1
75.30143124788917,79.73175839680896,0
60.826164917856616,55.72134768234509,1
81.96506650216858,67.93969888105309,0
57.56635701082507,56.24094309028968,1
76.38323133161605,77.24918145126608,0
66.27639597214792,66.53916583925783,1
80.13127334131791,73.55739617519168,0
56.066045584225236,66.86366776572092,1
73.68606920952523,73.56672121571741,0
66.0125957600685,67.27779574841819,1
74.6476464013276,76.88089088584252,0
58.49403744593192,55.95040585506434,1
70.12931066765697,76.59096997222804,0
56.87801137831109,59.50291687776185,1
74.27879973992373,74.23052795738302,0
57.78720048808454,63.00769679913175,1
76.59280853792718,67.80086292788769,0
60.68328388383273,50.93045419294714,1
78.98314829760537,72.12604389206273,0
62.26408384483506,65.0017459100143,1
77.87142045895403,65.22546266188056,0
52.5015531348807,52.25837341503204,1
76.81370394762745,73.58075836388637,0
54.66060823879256,61.122146752744314,1
75.75791596321778,73.88358451723205,0
56.66296263940141,60.107047900295605,1
75.05445008298403,69.87354485530287,0
59.719081065661676,57.83699327903906,1
77.1493581592891,78.39444616953355,0
61.9829968911127,61.69404119655307,1
62.950240390626305,68.4085751681038,0
54.5821302642547,66.99714114228642,1
61.58555913155752,73.09249719991779,0
63.03688264187599,59.21380143979487,1
73.81596936491273,79.244535714857,0
57.98329828349127,58.920122700076334,1
67.98414241905024,78.28932078347707,0
70.45490174936921,71.45067707385216,1
68.06858487555476,83.12290732392998,0
58.429979494771146,72.34211588213695,1
92.22441998720387,72.12194296869357,0
66.5392190188697,59.700811855196555,1
72.85570856972365,73.75175849094155,0
63.09403773468779,60.91129499217384,1
80.7849432832752,67.61622866648318,0
68.36079420376973,57.95423484971497,1
77.73750125688147,87.12557794119115,0
66.22411072617481,64.93415537331036,1
69.41169196322443,78.68065259170224,0
53.909954670610674,64.70666152830601,1
88.22183821458596,76.6537398802886,0
52.422911037861994,54.63536625746624,1
68.89772820455329,84.30775856828868,0
61.79313341934151,56.57550069158696,1
76.299207250894,72.03550263602325,0
57.49732218204248,58.58318146106577,1
71.20696505996624,76.35390804240397,0
62.58817566225605,59.824312537698546,1
74.10704239021722,76.4165764696753,0
60.31231685499291,69.61404788978024,1
74.4115032304656,73.92667298332837,0
67.6675228455394,53.13746743963923,1
73.15095587445064,72.16560970002152,0
57.038372007698584,62.661718508100236,1
79.59722491493656,76.00527990772656,0
60.716100698694824,55.50273398450365,1
78.26550124847425,63.01898222749632,0
58.49279335126247,52.3526170555302,1
70.73245866291795,72.04773045415354,0
65.41644055202532,63.58965659173994,1
75.51877094520498,81.4389726551447,0
57.358600163074136,54.255957474310094,1
69.41723327393625,89.57448910495333,0
55.872172672484254,66.04392425438002,1
74.03826019889252,79.93923702523962,0
61.5242307030444,61.58131034191347,1
74.3722104006761,76.32571388170473,0
63.175676042543245,54.89780773541537,1
73.74654221375488,74.22561548728817,0
67.28702177007685,59.6052824719199,1
70.68015292833927,85.0752656091308,0
68.32434812469225,66.38111068283754,1
75.61816014433985,71.29113633244329,0
62.85540250251491,49.620019040848156,1
68.06529535662743,77.67797604555841,0
66.56580511829756,60.47093519390288,1
79.12308436224107,72.96199707032008,0
51.02946245130995,60.082796817178966,1
75.80769684807022,67.65584021723626,0
66.45072500932105,46.11441533416648,1
72.69194378031266,60.47490204978876,0
57.4401558108962,51.86809539208958,1
77.29990611731095,80.36652046118395,0
56.757028841829445,49.09702179483853,1
76.20480352743375,66.41049397610153,0
57.639964044647115,67.36487699962305,1
73.35692291354005,77.43393866510995,0
63.43747929149795,52.93959566544839,1
76.90810271928649,86.53338474553021,0
55.43172294539768,60.233844835279456,1
81.53498804192017,68.63902686167103,0
60.07222312360902,69.98281238531328,1
79.85319291650481,78.9631940117507,0
51.020040575553494,60.18829024855597,1
67.25421406117214,66.31500318269445,0
61.79315414321658,61.82718637412016,1
80.98183477095091,84.60622202870876,0
60.39452593463908,58.721295806224084,1
75.15002072001876,71.02296742723279,0
57.369328287712214,65.10976858183913,1
69.49002588587753,70.86236347490308,0
59.208676869600076,53.537826247360414,1
83.66420327341315,85.4010205985984,0
67.8491415611601,62.543778880483636,1
72.44110756988098,78.3288167946761,0
55.002764537215405,59.915594512960716,1
71.66002331821252,72.50714808859993,0
64.4272041965715,51.666779793263544,1
68.35105184829986,74.16460107210325,0
64.3098399183251,61.499346533775096,1
66.97656742149918,66.63802268390876,0
60.37688618291626,61.52266023847144,1
73.39812950537959,74.6803875045776,0
57.11440352437175,68.54446032370112,1
73.68258639463838,72.06078137032823,0
67.08413444971582,58.99642955779481,1
75.70495861824645,71.36689566532894,0
62.98600779392147,61.20579556029085,1
74.34190887344126,78.65422863076208,0
60.29143177771209,63.816815265220164,1
69.70357065892307,70.47785296857452,0
59.366677127446,61.20529058776624,1
62.59110999749037,75.7743313122539,0
48.77708423316959,60.71633848714288,1
68.40687620501944,76.58759750709301,0
60.60983807876078,56.332035425119244,1
69.03175624695899,75.78640545816303,0
65.82989441346878,58.11351244473519,1
73.96478429619245,78.18177397576041,0
60.400079393619464,60.120697312569966,1
75.0852829132444,72.11001259829501,0
55.585581557949794,54.36510086583716,1
83.39678970023533,78.26599039705302,0
53.45612314341797,57.57687772075249,1
83.52225004973174,74.98227850487689,0
56.00109555875176,68.08404332012144,1
81.2924786272936,69.0740892405163,0
54.90230970381276,54.94701902655712,1
68.96924617299021,65.24908008604274,0
67.76491686855908,57.09820010072141,1
74.25189293429605,75.68703660438506,0
68.55276865392176,61.7564509198367,1
73.12578589676698,77.20365669047699,0
62.79054675945798,62.968489053785376,1
75.31122850044736,73.64349035556148,0
72.74833464847521,56.87612747128812,1
74.55929747938524,80.01886806146096,0
61.354627728636416,53.54880788239415,1
83.05565942802582,80.71792061194267,0
67.05558761992398,53.302725228116216,1
82.94663511080647,67.94502880269674,0
61.54636376085274,61.507717714920005,1
75.38391145010851,74.79282070631294,0
63.40584919405114,61.790306376373294,1
77.12015983233933,86.16906171465864,0
66.09730372512227,63.21132849209508,1
79.31573400356946,83.12596341590054,0
55.59023735087742,57.523280671931396,1
70.4433909381488,72.80094012519113,0
56.536174148587705,57.325519044343686,1
77.16329054947202,73.90907012380767,0
57.57803921039691,67.5998728708686,1
80.33937464728149,75.68829008754925,0
58.78089374179483,57.472973855467465,1
75.97151128686976,72.61733685196329,0
53.334877721546235,55.42047079372725,1
71.74259567804727,79.14241164315018,0
60.67152014199641,55.2762302450399,1
72.98635217697972,66.52121792396746,0
59.84173784535682,61.25198694416202,1
75.97354287706436,71.89217973923917,0
54.713093541956695,60.72027613751838,1
76.23496483965866,72.1895521484669,0
56.11444911030449,61.81267068691152,1
80.80488699674837,76.33027419771796,0
52.76691219219917,62.458819059813166,1
79.02459455025081,67.79095579800241,0
63.87188671954919,53.62390921473643,1
74.1788931795449,72.59035381366135,0
65.59664963305008,57.1612840630707,1
75.25907864198602,76.40063356606836,0
68.05224581652966,71.11039496351026,1
68.71670354226713,77.79590653857018,0
56.05692551972224,57.8627823441674,1
79.20288763241511,80.10542589373063,0
51.848640461084536,59.14791277855094,1
81.40948492924358,76.55306282037527,0
63.52241602975728,58.263085476835734,1
68.8200216034312,73.74301152163066,0
55.33071687576176,63.56692330980444,1
70.61345517020203,82.7911690771044,0
63.57622817218279,56.35733725522535,1
77.91420445779814,74.55615056677985,0
51.82180000437236,60.11289466628653,1
85.56623759117554,79.09511608848933,0
63.70486972897831,63.64759784673251,1
76.9543714245725,82.64430746210219,0
56.66850227105787,61.09662022978842,1
85.77372988068869,72.0211469484936,0
56.77717677454707,54.31171207056625,1
71.10769207547749,83.09709090345694,0
58.37661939310476,63.68349659633438,1
69.47283332047552,70.31228968452527,0
72.78223130279781,62.582629739199156,1
84.48836209629395,71.49761103727964,0
57.62364401278887,57.1002326135464,1
79.73704706779237,74.67662576890265,0
60.509464260378095,53.81912670473155,1
72.79917866420814,75.96935881889864,0
61.86586657026848,57.00094180289593,1
71.71460021065663,73.67794699719472,0
57.39595011844122,58.76686834754094,1
71.29253585164415,75.48083645753604,0
61.773703213027325,50.62736519616884,1
78.43505808564176,80.3268026206114,0
61.18101595358886,64.54415960753167,1
75.47556706313763,74.58041379540244,0
59.926756483805065,57.675977876019125,1
77.24857774603946,76.25790419745665,0
55.61681413076037,58.07354223508978,1
77.52209708958671,70.92222876379675,0
57.9060833687235,54.746570087856696,1
76.20394605275796,78.8106087735553,0
56.3081880054308,63.58955108159702,1
80.43236043326816,75.51156287168972,0
68.24361340118904,67.68681485980697,1
82.9551553276819,74.61759183726922,0
68.03197398732905,63.100976981243456,1
76.87392977803354,71.22271587945838,0
64.30457671886451,54.640087759461665,1
68.27409932946259,72.13977116265454,0
60.20926997641849,61.35145949686666,1
77.02216323317387,68.30266258493103,0
65.4141212542207,63.52843943901964,1
75.6873612823381,77.07821585963082,0
53.78581477064124,60.88430312464952,1
76.55032386265768,76.90117847129596,0
55.33622325350626,60.673807147078584,1
81.14224417941773,72.24512686906151,0
55.73857434010527,61.50757908154154,1
81.76543796734863,72.82529012025618,0
57.50757545166243,57.5861984713608,1
75.4430915821392,81.9567202848568,0
60.19317083259141,60.56000657540553,1
75.23918121580725,87.41589139717135,0
58.42856039554905,58.50637650892774,1
69.6711246268442,85.46712064484825,0
63.39694930822349,61.68407860404195,1
73.16513290320506,80.47831538147611,0
58.12524806678063,52.15121272598039,1
69.73122836570074,78.83112978545648,0
62.88324833395177,50.69796968108386,1
74.53387676522162,69.46837516805745,0
57.869925854030214,62.764483104408704,1
80.10992031424233,73.76915248915854,0
61.61946799602663,56.30003443316515,1
73.23372484061524,71.25249062292214,0
60.29712041883229,63.43033096333785,1
72.81017865909116,76.32463371355864,0
52.698319370221576,67.95973634794983,1
66.90162047912293,67.89486002761164,0
61.48718962352217,60.954446654624114,1
72.38832702409461,71.8048514577913,0
67.58691914880781,62.05265943113637,1
72.76356371696579,77.75706059696651,0
60.595387257697375,53.5477373673694,1
76.20147476189915,76.58839570376333,0
67.44000330225724,69.78774067925693,1
76.81002786120274,78.70669908252138,0
56.16411764790431,56.02551964602991,1
79.91327422520884,77.59364415332657,0
62.52553957140192,68.78997214108051,1
70.18498174931077,75.75114307967519,0
54.247363198582015,61.00428427484616,1
78.53896908995593,60.896848686779556,0
62.43762018191269,53.16925099872409,1
65.44323128752863,78.22599987431423,0
63.624282773073105,62.43140274980763,1
69.38018982020206,73.51624514782289,0
51.54794889617124,57.1951400966889,1
76.19769113491398,74.98718962485573,0
63.62540174538127,61.45995086141176,1
69.62898563596369,69.30224378133622,0
60.4665987166575,57.289923144580456,1
76.86044608139747,80.15361677094245,0
54.29308339856958,67.86011385060631,1
79.50429257504895,72.92337300248964,0
63.976998344455176,59.57368499050147,1
73.13043902892379,71.7766749180454,0
74.99426643141268,68.787821930807,1
72.67004155322022,72.36578354706629,0
48.28557778494488,53.8975049424027,1
82.71943117237718,73.29310316551489,0
67.5682835573613,66.9435063202796,1
70.5382737946008,75.01291958050415,0
57.67344958280219,61.632355607535466,1
74.91272110912463,72.74707419910472,0
57.10237840195675,66.29121672191883,1
73.0731356673528,72.30559524013704,0
58.15249648650309,58.65207162168947,1
73.3782123009671,74.83906046357768,0
68.1812232877985,57.38120500138417,1
81.86068799236298,75.9662279537691,0
53.91755955895315,68.05026388906487,1
73.96630783486093,76.85634474193962,0
65.22979949807983,56.253660788184085,1
70.73400674781197,71.38226947714776,0
67.09857392893383,61.77088120860848,1
73.89177325856319,79.00741597862401,0
54.277826076852406,56.13060540272587,1
80.54931550817106,75.76146870511029,0
60.763995411029356,67.71134557267237,1
77.11757888014252,76.0619463993345,0
60.58299575113088,59.96623217204087,1
78.77990403077827,74.90220042484835,0
62.359244337049944,60.342711751058836,1
81.16589116145148,74.10589020530982,0
57.54761119016937,66.34268074176465,1
76.71005496527793,70.44591931262934,0
61.05221697206195,62.08769984818822,1
77.27288275270244,76.61791231445545,0
65.00582824097455,62.523224344097336,1
81.70362298662961,66.48087675645904,0
64.49537445727198,60.94797915888448,1
64.42141175940858,73.62855113346987,0
58.925158757779705,64.73147392059278,1
69.8423893507864,75.94195515808266,0
61.9052225498271,59.73879530901158,1
75.79590841104572,80.98922227280863,0
68.0203349640554,50.10433661038664,1
68.18669421569345,81.63260790625618,0
63.985961572966886,57.72314496037848,1
79.94833296478825,68.20222361609527,0
65.21562935365397,54.79237279177517,1
72.17389440450374,74.41921045223755,0
63.24051038735958,59.445694074834456,1
76.82406219983622,66.84498646320894,0
61.15117385139776,59.04110804283785,1
76.99900295562091,76.98274669589631,0
59.539702297285636,60.350362480320776,1
71.50436753532622,80.707056785834,0
64.92396457561426,47.83801846143423,1
66.77234057673348,68.10250644911108,0
53.64061641230138,58.45253793567975,1
76.4335051477789,64.80330455602423,0
53.335064755006044,64.09265873460257,1
70.34296810157566,80.82779766578815,0
67.90684749904547,56.34564490748979,1
71.39496424502661,76.55106400341703,0
69.67791625010406,63.810040966481395,1
75.81137374556819,79.774288031394,0
58.25470749173262,61.286418763439094,1
64.41936927892846,73.08104118359994,0
64.91406320046072,66.75425087523122,1
63.195120660036416,79.87446861617127,0
58.46391054978961,58.55850500014565,1
78.00444385103637,76.96278566836244,0
63.10033327499656,58.26811500890734,1
72.54333704257064,73.75421667635615,0
51.16071606496785,56.669947304187914,1
75.25641262762113,80.63236089819668,0
53.05857648664957,63.053678884365134,1
84.18149858795874,66.95820752856768,0
54.403842653839945,60.39455703390661,1
76.27024229232026,73.89625410946617,0
67.75331220170209,60.85726099149331,1
81.98794286167292,72.84047679383939,0
59.58760297991282,54.87589591516481,1
75.85523651862916,66.92579184145734,0
62.780934706236614,65.09924739872366,1
75.3968585284101,68.14883371276996,0
61.9805042982164,62.71476938354458,1
78.6206515876391,79.70716302234501,0
60.186598055354764,61.35768002983163,1
77.8679595576828,71.04305363928991,0
52.04803810164313,60.534659410559996,1
77.38447742992307,74.07153021179862,0
68.57429346901573,70.49861888580459,1
77.93407949686227,71.1905550912644,0
63.185344212399045,61.70934069358838,1
75.83366116269742,72.56111700362118,0
61.70374480321397,64.31590424460757,1
68.81825689962017,71.76486281509001,0
58.772802058362274,58.12300477179388,1
88.80830198886166,67.46514893797095,0
67.52572704363723,63.60517454087572,1
74.96124223329947,78.5112545379857,0
61.75836711381556,60.5734658608861,1
74.14841256105771,74.17137739952949,0
55.08934065723616,58.72724535861497,1
76.10288319512965,78.40394114003979,0
67.54507156681493,65.64495312476808,1
71.66268442889258,70.17859898047396,0
64.43413339662867,60.31233432340791,1
75.03974462968003,75.35959277513136,0
64.7212578168067,61.43325071982501,1
77.45076457930435,78.50359853336371,0
53.69083384426807,59.9809699457975,1
75.83909476912675,73.75387779957022,0
50.30589569377265,55.501470890059366,1
77.193776256406,71.9011821500842,0
63.03659676565542,57.0113398544626,1
73.70119819801755,75.16238619877872,0
53.62367011922138,61.904561319455496,1
77.48892733242047,78.5928584114691,0
63.808829035969296,60.02341398293063,1
78.65413261999849,74.27372295647609,0
54.159030772991244,58.08765801892814,1
76.22309494536536,82.96377482380635,0
65.22454609240634,51.99863144133184,1
67.90793280534588,81.4252066775263,0
62.69502802903734,59.14813965189053,1
76.42435913433218,69.2153510909139,0
61.24387862867284,61.906438692431905,1
72.1765844344607,78.29627430136054,0
58.36162059580116,62.69090460464005,1
86.92963802937412,69.99360538035279,0
62.813824564909204,57.457538774205595,1
75.9755885534914,80.8721785550396,0
57.69154175078865,56.07245908662794,1
74.68000516709348,67.71384263853979,0
62.449496611392995,60.82131644407624,1
88.1071235466753,76.4961188570917,0
53.82546234382485,64.84806125999388,1
83.4721381666405,85.70928114810563,0
69.07939861174853,62.35993695934402,1
67.64769919693897,79.2690901153718,0
61.90211901548605,61.813466758944124,1
74.2590091536443,77.05753410081215,0
57.48123431228617,45.39921365392888,1
70.59737977403849,78.62227253258298,0
59.575976535985205,53.61479836422862,1
75.13880979902832,78.12778060283397,0
72.17166531142416,71.56082056485846,1
82.54489009195089,76.1654527087344,0
50.07824202202261,64.20638680134763,1
74.62160357560842,80.87437678511284,0
56.86606607364921,68.87321633591624,1
77.05103536312981,74.05024382732512,0
54.914678477172515,64.46203008227258,1
69.31619284280758,75.94973145305498,0
60.99404457012021,53.870037550142825,1
67.12685326461026,80.5313849645377,0
64.33923430988135,55.27245776220077,1
73.94298026090132,76.78110388903295,0
55.76955191365759,59.20955945472446,1
77.00814880134797,72.05737511626343,0
65.1109606050108,65.3230318142251,1
67.01632850006732,74.50431140144761,0
59.540587236599194,57.93289697172094,1
89.20634749262462,80.14002278527303,0
66.28853756919247,54.50081568672492,1
84.25484989627176,74.93973105666502,0
59.62972333788897,63.44347170788695,1
71.59576806528509,75.39099505941955,0
59.54155997133189,60.428871342879056,1
82.64115013138777,75.63482480493504,0
64.61749213937824,62.32037620493553,1
69.85227530554492,70.81774647003476,0
55.759737789269714,65.0860316679304,1
83.73128763004704,68.44575782518395,0
56.5211155699882,51.263509992926146,1
79.87928414821782,77.22668678580847,0
60.590553391007276,68.97521041349987,1
75.3155144359459,74.90356636369354,0
58.671887853288546,63.489969990794236,1
73.68298603713235,79.08037538094504,0
52.16271751046994,49.85756207418837,1
80.65017278123157,73.3793207599967,0
63.608067424590125,67.17932175268405,1
76.29925716792874,79.1635973190397,0
61.642571863456325,58.507006454580846,1
72.0136065620903,75.77581066784094,0
59.51102301577621,52.98887136683467,1
75.68690686173775,67.8712565037475,0
58.38926546263534,62.11791223489633,1
67.55281043141267,76.07693975510777,0
65.43962319247744,56.333747272425285,1
65.87695336194567,85.60256439370986,0
67.90118367486822,63.39276832425262,1
64.29232315224637,74.39024900492238,0
53.30584297504666,62.55127600521405,1
75.76345802945694,70.25944339275608,0
60.333710311235656,57.7880720445262,1
75.08393611298044,73.4735908232268,0
53.03542281641545,52.54522378092555,1
72.57157476928927,72.27002781447311,0
58.271093569429404,65.21211478082202,1
86.47451566572016,66.41731047128768,0
54.36976025868471,69.2277163246493,1
84.38500146425505,75.95894570747674,0
57.35602498465369,53.084797533924224,1
74.73530045010081,83.33405899296845,0
59.67738372743385,63.07708209698264,1
72.74575765629257,74.21291141900323,0
62.98059610412016,56.96273599542254,1
70.9313975391694,68.12560771491707,0
66.49449262578719,55.22623475994902,1
83.02380272653456,77.45353818833303,0
60.447692479509826,55.33286851341722,1
83.26313185592356,66.44092357424863,0
59.64890861753174,56.57324212214653,1
77.32433295361989,75.17255217565503,0
55.183601114257925,64.34748044790764,1
64.7974506896608,76.49781791375906,0
60.50848427570539,48.53112039434912,1
74.81749164079149,77.72556743372705,0
57.151385012128756,55.7367265299746,1
68.03975539485836,74.07661715662792,0
57.15973709649139,58.24639016954243,1
84.46695378980374,82.18924155967858,0
57.073242642314455,61.80614406959639,1
69.43059636444706,76.33697449868842,0
62.14969297942215,75.9159115250698,1
82.33164323138996,84.34968553081994,0
61.92117640873405,59.11704978086318,1
73.49402741754947,75.95749454126664,0
54.52118177180394,60.94349227059378,1
74.04940088948132,71.70859494781763,0
56.72756073827917,58.265606814077344,1
76.87279164270228,71.70478924104869,0
54.096276987414456,49.559808067215265,1
75.15661346964794,75.60100200626817,0
52.70490131682714,63.53733255747121,1
75.3960381245125,78.83688692428841,0
53.65743869753373,57.85896522875082,1
68.3572037104477,75.69228563439673,0
59.64416705938928,63.453772169271446,1
75.43421689836725,85.37571949931274,0
57.9319003119385,63.15279009268889,1
73.28262883163445,64.70479449000592,0
65.86355802804187,65.90114107033304,1
69.29724925288586,71.02851582137185,0
62.29386205145757,54.27355084536502,1
68.89950056291957,74.0932276426697,0
64.13221253354405,61.76195923765887,1
64.52071131431946,68.27214526669587,0
60.67324900407794,57.77749616744809,1
79.45194023041985,68.77938383406999,0
58.962414608663444,57.38447913180134,1
78.3119674753785,67.96614153530079,0
53.40073509222218,59.939514224794,1
67.86293029980267,82.72266849633661,0
52.77189156422038,47.913909863367884,1
79.2216599912559,70.50501919404063,0
58.616422999234096,59.12309056860434,1
75.02773161228846,74.27751524772172,0
55.42320007571351,55.19973438032745,1
68.45086268817911,84.94590103185473,0
63.51944728026468,63.21521862278354,1
77.33314033129277,73.7545606399777,0
57.12328300075469,57.64228131127449,1
76.95851981076655,74.53681440864352,0
58.28858639625253,53.79131886394906,1
69.5255109009606,76.10802509957719,0
67.71237339905596,69.58104421611823,1
82.08795244947052,71.30870765016736,0
55.66706773462991,57.414284083765644,1
76.14496409735756,77.51799539279186,0
56.37373054581688,59.2507129074548,1
71.4503303609041,78.34640446796782,0
49.647822037229915,58.81264326050621,1
64.98715556715271,70.2333293978132,0
62.1529885527522,59.27069471649974,1
71.57493912539996,70.10849856030993,0
55.07276038640478,57.19056344159685,1
71.4956383904463,74.3570384007016,0
63.586786948943534,57.10447312317281,1
70.3145432533537,74.92429925492003,0
65.04878926506798,61.700658250797815,1
79.21296343691168,78.74194488811139,0
62.70720723839468,66.96814397879828,1
78.3360578258086,70.37835300419071,0
56.44796152026409,64.34065726954366,1
68.1558267794112,74.41301538371349,0
53.279969046073816,59.50950511234948,1
72.01735889124326,78.00016946057265,0
62.99677343206022,55.854328348436475,1
62.91942712219267,78.45126975288969,0
56.7448586418323,61.60604586492891,1
72.14109471480965,72.52230281223359,0
61.64814742256246,59.15556239639254,1
71.51534250889426,69.6026377694599,0
69.27846844110873,52.509640769076114,1
78.99469199753462,80.36814203673666,0
60.6636986741256,59.770000265275385,1
85.14296982633408,73.81737333951787,0
60.26587545784013,60.623373586396475,1
74.36223994283236,76.73458714186165,0
57.129665737448825,60.36044066809661,1
78.51824503792875,69.17948343167903,0
58.8232205232007,66.06293329909015,1
75.85634345319431,72.70887762778177,0
64.9133564827143,63.51604411273086,1
76.79195797610164,73.58402433020156,0
53.76642950506559,70.69876591428488,1
72.90618726067005,78.25308061378534,0
54.54924942033765,59.85938653149106,1
75.7451255002407,77.09827358928682,0
54.083185412461454,58.06458184025584,1
76.81836259476577,78.0782232907512,0
68.29047153934786,56.08779226246836,1
73.94499576469889,75.83284809309147,0
61.629522429324936,66.79544761648799,1
74.01497303866124,76.93578766171045,0
65.72459601105896,64.32480994502683,1
80.33356816892255,75.3110845346796,0
58.725398303908634,63.09938742117012,1
77.92839511958833,76.14337253450577,0
67.44369290931789,63.01955451047872,1
78.0365634730011,71.97551640772257,0
57.792646532847655,58.54767317694254,1
78.81949123382554,74.3189557266346,0
62.891774853023946,61.33706517929262,1
77.91892849871277,73.95989160341885,0
58.85990163920398,57.98991841186116,1
82.9691547552871,72.71759278692093,0
67.6925773547926,63.08506775555532,1
70.2367441907449,68.79036207063666,0
65.75589096283207,63.090660788722104,1
78.95673387296615,83.68343968312185,0
59.875133799922544,58.95784121434496,1
76.64376676607759,70.6384048380978,0
56.64779401619461,69.75192999615336,1
71.24428547914029,70.88370727472166,0
69.25601948534143,56.63256874124268,1
62.58766884526159,82.02849965912658,0
62.67424643812239,65.70282540234379,1
78.8710880755248,75.72940563271325,0
52.99034105201528,58.941340598223434,1
82.7146229006091,76.54304999054928,0
70.68795011756481,56.70476441874963,1
75.97482881629882,75.3942407959247,0
67.6876873625515,59.94593271565225,1
76.46506452209378,74.86288587111716,0
56.04834522589459,58.07363521800866,1
76.6927247471004,77.93870684016252,0
58.320295857334685,60.24335564742674,1
67.86106303203472,68.61788127506594,0
66.38317779441725,64.91954388996507,1
89.09715353736372,71.62660937041856,0
61.84385624643792,57.884845680622874,1
78.69508754802162,71.97418819153705,0
80.42227531072699,54.54767614777696,1
82.581321419042,78.82939964467957,0
63.59380798542686,64.30901726253417,1
73.31979984350724,74.84391265794541,0
58.91176216633466,56.04718792123299,1
75.20151034609152,69.51141102654606,0
56.513485615334744,56.14359261475523,1
72.4152879348559,67.35053409752793,0
56.95149654125448,62.75337406846046,1
80.37958916387652,74.43343255686554,0
57.34055117958673,55.28187281929593,1
72.0784203538448,73.5199890677575,0
54.39929222436729,61.607554654761195,1
68.66735536729378,76.92027273123371,0
57.02836090761848,67.20777170695324,1
77.81095157173544,81.87337528930456,0
58.71027942031663,55.75337028660162,1
79.27506912436084,77.28111105035526,0
55.95178372111868,59.79085029372607,1
77.7497571813591,83.3516620408164,0
67.8334041906139,67.88544356823031,1
66.41054169690794,78.77104326123786,0
64.55198595465815,59.698734845587346,1
81.82282295343718,68.51367501742266,0
49.906484453940905,53.668082638357696,1
90.6916430637841,78.27825562175651,0
62.99823495687756,52.78275415092113,1
76.12299449405006,73.55294302171919,0
69.13786552082178,64.07578340843807,1
86.36133502171023,73.41222543169208,0
58.6936738206784,63.70563217343616,1
69.6146703130683,74.448732820334,0
61.916785353245025,53.09516983553516,1
71.4962440708283,79.41372286796432,0
64.96723938190239,64.36503657555365,1
72.63946057902878,78.55827346412865,0
62.52941685953032,61.75810320042466,1
91.44945465700418,76.24616576311143,0
68.08075361421685,59.491312392292485,1
85.8383101357223,71.62420468723647,0
64.71592514414107,58.33913753516397,1
83.387746707621,72.90500575122428,0
52.92981818543992,56.6472750012299,1
68.56795592610804,80.53247605697275,0
59.67080683216309,65.7926018483067,1
66.91903315330057,80.48255973205124,0
58.30807034061101,53.26182819829482,1
73.20074012633535,75.25099190782063,0
58.33947001294728,62.01557847053628,1
83.23616433966215,72.04241248837836,0
70.65515313626075,50.69602512701609,1
75.87972122750729,78.08072400975621,0
57.89581122896512,50.72059354774278,1
80.89829548900912,78.24390854869765,0
57.33371769035344,51.929511034567,1
77.32009952746051,79.54498703479784,0
67.66285362509458,62.31772856155813,1
70.35493262900641,73.15209908191778,0
53.53445144508576,57.04694417322552,1
74.67434301007371,79.12262282536977,0
57.43543740794768,73.21996465048814,1
66.01130878755718,77.30880093892267,0
57.57057202255543,53.86857408969945,1
74.31956457383194,72.2885128593751,0
56.10762812512151,65.7963399660097,1
70.26702954062449,75.14552965104095,0
59.63062588825146,45.18278219436919,1
75.0526669486884,73.8374103840043,0
61.695784572103754,53.48524873549148,1
77.01619102535926,80.05731021874426,0
65.09222045947953,59.04342779097422,1
82.3131015532,79.97320601837743,0
70.64160395907557,63.150809644754105,1
68.58577761661535,71.44837034614262,0
59.59546888626897,60.378407181665516,1
76.95418107202586,75.93071146654097,0
55.23180935938741,63.98029092683033,1
72.05959529277013,88.82462404354551,0
51.53938964120173,47.83096474983651,1
79.58555149674736,77.61037535472761,0
60.175312695710396,57.39424049387222,1
74.4242627430599,76.01126856375856,0
59.35297818840095,60.33871946346286,1
77.09857133142381,76.52415484099639,0
49.69635034646648,61.46985355261444,1
73.49375027822668,73.77860496224434,0
62.6908199488102,51.575965225148465,1
79.02343423454813,68.05979738008254,0
57.9281153098172,55.57731463175127,1
80.3475667798624,80.13761080788674,0
68.2530763104815,52.2646169688959,1
69.89409827033532,79.28467434394331,0
66.63447641586988,55.46680170960984,1
71.20485137900303,66.83748805362364,0
56.55659028473816,60.260734314387065,1
69.69976051744372,68.51642825423477,0
60.5383501801057,55.90789418683935,1
78.81755111738735,72.15104634055174,0
70.39007596325554,64.15686611999612,1
70.64613722525398,83.16231349549538,0
60.4039610061492,59.116106433131094,1
73.18198326129047,81.15085586883336,0
59.53863035660948,63.233168652844284,1
72.95383857681901,76.98817099089266,0
59.945424214645065,55.95326324160229,1
65.40823840233172,79.3064421887066,0
61.2074199409192,53.95417825415395,1
77.80772239143613,76.5587463501697,0
57.25820593101829,59.848623187324456,1
67.87167348598464,82.74196492266199,0
59.455029637580225,60.76320691169932,1
71.54346480036604,77.85733647595004,0
63.12412030288507,53.16346581648663,1
70.00167969466337,82.61301528107455,0
61.45980706438227,54.56676413998031,1
74.29654610491984,78.58598011046777,0
59.92085502871736,52.2685928084865,1
77.48797900029484,83.41786971458743,0
66.87809195306104,66.48580386381683,1
76.58678661726728,69.67499997913359,0
55.69084613487666,53.21799520684596,1
68.83472500590213,72.60568584952266,0
53.94010037176578,69.68597665703139,1
67.4829452236251,83.97933994495062,0
55.487393478060184,56.75324303811902,1
71.95404865616537,80.90461257124652,0
64.51175954870864,62.58263697800553,1
64.6587482402917,76.31389843067917,0
59.45319213504784,57.817475917630105,1
72.61334353756307,79.03681757574658,0
63.09637750803421,65.28433315080434,1
74.3793914304991,79.34296684925788,0
54.25503557568169,59.91618051578783,1
72.60697212923404,69.99564329101366,0
60.01521538795892,54.52944974059541,1
73.8670629927936,74.42153562007496,0
59.73419434398572,58.35099468008954,1
72.13262054574739,80.43684863110751,0
58.303489872194014,55.28744443224206,1
75.37812698394428,78.86245039708328,0
66.16685710847766,61.228204292043955,1
71.59440291854476,81.85847477418724,0
55.22728694674069,63.14975505467971,1
69.96979556171092,88.63095033940213,0
63.088704448329594,62.789381221986716,1
75.31027867718237,68.69967887970596,0
56.413219703977035,66.05286822846725,1
67.20576451922724,83.14273530811337,0
63.662173117870374,63.432627387397396,1
71.64870533172149,74.28770389588337,0
67.3591188360164,67.98821576997337,1
67.56114603998257,79.00272571619348,0
49.819442027239454,62.114602623358714,1
75.19363387223527,72.84773673079856,0
61.24453538947751,64.93037446532279,1
78.02144466281074,74.81271535698389,0
52.515248427048256,64.37680087004638,1
82.61980809267384,71.77091540366783,0
70.21036807745153,68.16352067455313,1
74.42610767778974,72.91275583034552,0
63.50865886317734,62.336014513568806,1
68.6952462210767,79.12454775668837,0
54.804880764348034,59.075836877400704,1
67.85479170144504,78.18966867682133,0
52.483454865759626,52.78110868854999,1
84.36383421962655,73.65150561504095,0
66.26375887546965,60.80512465824557,1
74.03040342651133,75.65663406616491,0
68.65009842325087,58.55769620507615,1
79.17608944305016,70.97321894862839,0
53.74861940857967,58.86573256061137,1
73.6145939422618,78.64638577594867,0
62.62442744446325,59.29665140704721,1
81.74581857597958,77.57887524065261,0
66.90149781812934,49.28998881953481,1
72.87155288859836,79.52678289609256,0
62.790214112214244,56.70836618109779,1
68.44622950167292,64.71803455155738,0
64.85807459453584,58.24368542849964,1
74.01988881974238,64.5523949832651,0
59.64707772826659,64.81059811114109,1
71.62166359185558,72.63733973151768,0
62.758742216296625,70.3027841132856,1
71.67547851732942,74.86422920047127,0
62.54845060721946,64.09441962784007,1
70.6298973240618,69.43583050508393,0
61.76572235087369,50.472118255325434,1
75.32288913777546,82.98918221035636,0
58.326432670714816,56.223054475226185,1
69.91025964437273,76.80136546764717,0
60.04824983343026,64.54057647308443,1
77.43758401991323,76.50834256164372,0
65.172823955623,60.08120592829798,1
72.7590799887336,73.57220435144392,0
55.60867432500456,58.50633285141226,1
75.85380246321186,83.53786080343242,0
64.59417328532376,63.19514480157816,1
70.1146593130777,72.03409695678741,0
62.214207269221184,65.11003767124876,1
68.30431929184924,78.23899532115749,0
61.891543734760205,61.04957151239621,1
69.03402138275897,78.07985278449443,0
50.476609376731496,66.50277077255176,1
76.32959981898573,73.75937121545063,0
57.89025865471105,58.074701373996625,1
66.76003023016735,78.49233973126306,0
59.04057439475972,65.09171671061327,1
79.48935968896859,81.08032460619164,0
59.616167512566264,61.34836934750993,1
79.74785146584273,76.01298645115749,0
58.07102213131895,56.51684289252533,1
68.25658771197618,90.24682816641831,0
65.65001927674689,54.763679062360424,1
61.25913332367226,79.67884808009816,0
62.24480822207443,56.75313957271916,1
71.36785181578541,75.52524612936017,0
46.5866740618103,58.15938144722471,1
72.23858023268448,69.61439457783464,0
58.74566740480193,59.47551503058236,1
71.23925690521288,73.45060658187371,0
54.44491373036131,61.02949980005102,1
72.55911550903835,75.15607192210926,0
56.03352384632741,60.44803816298752,1
77.06060629629732,77.71259735840079,0
58.92029203218313,59.84702097401527,1
74.19042176075915,77.03878573455081,0
53.94685875911918,61.47717438541274,1
71.83201593366942,83.01371076859942,0
60.270955916296955,43.22471267529323,1
74.86457282772051,70.91708278875704,0
55.17918271783461,60.204431638867376,1
77.9063623295104,72.60904070267188,0
64.55050431442903,63.86765124758439,1
67.74536609932969,68.83974128077432,0
60.810237752233455,55.09784888232824,1
81.92835883104992,76.28121079544526,0
58.4106577985885,62.57310111801765,1
75.10272957895748,72.73424940335569,0
64.79667200280689,61.84696815574454,1
76.71795589964562,66.83824255408452,0
54.129214264745485,58.72564899676872,1
76.31246600099163,74.64739454696802,0
64.57158836918846,56.33576594776748,1
77.8853744963989,74.57762948065968,0
60.92112271416536,65.63230019115558,1
68.07255786637394,75.96519792316788,0
61.41611062620303,59.72552700224864,1
80.68047447937359,79.03854770957217,0
50.313685201573435,56.865005625459986,1
87.7733892349411,61.8677182212696,0
57.258189318571354,64.92581152604882,1
72.63557763516138,67.36109005403166,0
61.47320796404288,64.14693430601265,1
68.45382413459345,88.31470664594971,0
61.02463314621848,64.19119747090711,1
70.08619296215474,90.99051062503595,0
60.66777595916153,64.40110121109207,1
80.22751956735122,73.33010246631599,0
62.951474848597094,62.567607753739296,1
80.81304140420704,80.64121654377927,0
62.53932519913965,61.277713007820864,1
75.16415897790176,75.20394088656988,0
50.07635356889873,61.77947045421149,1
80.60991492938585,80.87702042792993,0
55.49542508691245,60.694293817147276,1
76.27973693634456,66.40681247673756,0
69.46735531623027,66.52367765990255,1
70.43486070399146,80.49032484658986,0
65.75069387070467,62.19331451934971,1
76.07889969047804,63.3993612380732,0
64.59758394596545,67.24778759691186,1
73.5799937487876,73.20763264287164,0
71.78286094218603,55.329418360100554,1
75.57429770676069,76.82057124372724,0
65.57045444390597,57.99341341663898,1
78.8198053632938,75.55962592662151,0
62.295974424795446,59.42958991160854,1
84.02101248753411,78.34131580723117,0
59.13738444986837,61.972398496607326,1
76.24284921454148,73.97718329900138,0
64.76765494820525,64.13490472502664,1
77.1332976071876,81.89035700305601,0
61.87943785736517,56.885759887585216,1
74.92556618540837,76.1469892905057,0
62.2076397694493,63.12758180374131,1
73.06606627053739,76.80026075499659,0
63.363734528892586,65.53078800493613,1
75.60457456096808,74.04924383008716,0
62.319478744423,65.39911655429512,1
81.17339975428098,76.94497196815063,0
64.29722671078878,52.89147246916333,1
71.3023498305556,81.8143765902701,0
61.50737311328589,51.73938641799297,1
75.22857304675169,66.88228495437194,0
50.918216772711,58.06453759338983,1
75.25867176702513,83.26251785817585,0
57.449461288585304,65.30542027718154,1
84.56035246649752,73.36109431366732,0
59.77144105242333,64.48477860102905,1
73.89194010050305,76.87924718859793,0
65.37756265624009,50.71710038387447,1
83.12477569304522,79.8699636340641,0
61.27210262904046,54.80905662564133,1
75.87959464831046,81.07824576199987,0
50.90010610080444,44.23175865553668,1
71.51684223732461,71.75337853646943,0
72.43581232043111,60.29030730210711,1
75.79218809015687,72.1019292884797,0
59.15019866216997,57.14478629128664,1
72.44576960817909,77.50628166541011,0
56.23262282733073,66.1026634962538,1
70.06583559112276,67.21872605860165,0
57.54659565181836,63.77773386821249,1
75.14317417581198,73.02913687531759,0
60.683781953379096,58.60240757441136,1
74.74700036284455,63.70017690759755,0
60.62284581675698,62.06572460344219,1
67.67417816063383,74.49957354237317,0
52.40444267199156,55.29862129605799,1
75.95253490440885,78.82787617135551,0
66.14780239036281,58.54663204829839,1
67.91229432727015,80.31482815463725,0
62.697766294527014,67.75916360732697,1
65.05366233693687,60.42203129302895,0
64.85256179042813,58.468681987159655,1
64.17736647925747,68.84872664370495,0
56.910403437271256,58.00300750541847,1
81.81184908058698,69.376073432781,0
59.028165768771075,61.25303430728072,1
66.2658674389625,74.01256352886591,0
58.575013826842955,60.518444683680684,1
69.05961426960147,73.94720971554165,0
63.52205498855074,64.79444559739704,1
74.9764928716249,75.19365384386258,0
48.28827271909658,61.00355149149964,1
73.15241375979934,59.7950176530399,0
55.63950127258594,60.030429500784074,1
82.8266118203058,71.357524623368,0
55.49019690387273,58.994540616382054,1
77.126558615509,76.76366523338686,0
57.2614838446952,61.57370270380305,1
73.78848372904274,66.67947836463514,0
57.67534398817664,60.28143905055433,1
79.6951077372514,76.55818705600883,0
60.11870096426048,60.645381104937236,1
76.5495023369522,72.85598108289555,0
53.69834423444125,58.52568252636439,1
75.24352069109085,69.01834914726966,0
67.74473650853881,61.52304722750337,1
81.48682318399317,81.96084964335647,0
66.84954143754969,55.66076738200688,1
78.74525669410878,75.88136413599833,0
66.58784919797253,53.88572399300726,1
83.19220821775174,71.31079293789324,0
61.97699423694731,62.03801854963119,1
70.40963925310132,74.32874358862702,0
59.4334049788481,63.1018996431755,1
82.4050556668254,70.12233775222685,0
56.77369965398564,55.844953992053775,1
78.84286967637377,75.72084209082753,0
65.96097873932321,68.22269484634744,1
68.58539389023562,72.39924657290877,0
59.88586940779287,55.6235436032022,1
73.47166419348176,72.37250384779117,0
53.929771114107325,63.46113417046059,1
67.8108308531333,78.87139944496478,0
58.148161878272646,62.05814322676339,1
78.24975587834425,82.82491140750635,0
58.464682427389626,62.047761881129055,1
80.54420464378501,78.82982176509485,0
53.0836045943595,60.39222310388499,1
71.82755370530423,75.64705562114035,0
64.86276829078174,62.97694646928565,1
77.12781377678724,76.01206847039191,0
62.65066840027603,57.282806275891346,1
67.3201548495434,71.17052308614757,0
66.2676511274068,52.07316561451316,1
68.84448658779844,76.92847934973321,0
67.2406104569691,60.64426336863871,1
78.88154933978096,76.16364474830745,0
70.5067624478726,54.989565460372205,1
73.71449451875414,71.60432746910095,0
60.57289405327719,62.527406538673894,1
67.97729373617986,73.50182248571323,0
64.01452474229997,57.66802048225204,1
76.53479078686695,65.43522694524161,0
61.75293259658496,64.3481585815702,1
75.96441163551471,76.7413246498512,0
60.1390536034202,57.08578838599544,1
72.56843219858007,74.6054561914724,0
60.976112527842865,64.5459444221511,1
70.7650963802105,68.01471481627338,0
60.44239604726755,48.73107387114352,1
67.2789070790418,69.29324115114566,0
60.84236973759252,62.87816715567788,1
67.68580386196498,77.66274613977887,0
62.285686256536955,60.68257441110774,1
71.09675714629802,77.87649251986026,0
69.10813424822585,70.93945238670221,1
79.09599329747986,66.94714615272757,0
70.3182787495263,63.24012374687991,1
72.48110320576329,72.70084533574733,0
66.1811434491155,57.72852365715962,1
75.63380416719286,76.82129441886144,0
66.52820351926367,64.28798318251836,1
74.37839619871067,70.8741184723247,0
57.19129848295355,56.96232121373186,1
77.16906991585924,67.10741950670663,0
62.36753617295721,66.56891465673107,1
77.36328333305343,72.90048650627381,0
64.29232502890066,60.02194657859524,1
71.76123568006236,72.56690248840421,0
61.040494504612134,62.78462219505678,1
71.2513972688342,74.83467155359368,0
64.60857291064822,61.883643518827256,1
74.6023544812492,80.5448603629316,0
64.96907595287031,60.205373102222495,1
80.68060480429628,76.45168892700967,0
53.94422158330886,63.31993681470037,1
81.46854745246256,83.77658793384364,0
60.09794295828178,61.19472927300053,1
86.20765601399691,79.09600643899071,0
64.42852558245646,58.89686064917603,1
76.68519074884874,68.94827564885549,0
56.19868120065635,56.572478258111396,1
73.98230126248366,79.65414667787769,0
69.76378922076644,61.06409120687682,1
77.59494509690201,79.39209358216759,0
49.48174542147112,52.59417151254729,1
69.14158832600204,72.55985553706545,0
63.24402828767403,59.98107649826158,1
74.00474463293034,78.68885752960361,0
57.01683190218234,59.29047826231104,1
72.09235012187719,76.67820659419687,0
66.5073842424711,59.67029868112243,1
71.53996010920976,74.33491640070517,0
57.74873207611462,54.132112569140276,1
75.79104768642483,73.83850534413702,0
59.49608423085823,60.125680900519875,1
68.68562226175641,76.13923917475044,0
63.47047825217521,54.704742801698146,1
71.87167907033357,78.59542063854684,0
60.21989039483612,65.15485739947248,1
79.66469346812883,71.02956675618638,0
